Data,Hora,Temperatura,"Incidência Solar",Humidade,Precipitação,"Ponto de Orvalho","Sensação Térmica"
2021-03-04,02:00:03,6.544678,0,95.800003,0,5.921896,34.156149
2021-03-04,02:10:03,6.394287,0,95.800003,0,5.772255,34.69328
2021-03-04,02:20:04,6.195557,0,95.699997,0,5.559434,35.493909
2021-03-04,02:30:03,6.133789,0,96,0,5.543152,35.482084
2021-03-04,02:40:03,6.125732,0,96,0,5.535133,35.511752
2021-03-04,02:50:03,6.074707,0,95.800003,0,5.454265,35.859719
2021-03-04,03:00:03,5.986084,0,95.900002,0,5.381121,36.109456
2021-03-04,03:10:03,5.945801,0,95.900002,0,5.341033,36.260048
2021-03-04,03:20:04,5.870605,0,96,0,5.281213,36.462468
2021-03-04,03:30:03,5.945801,0,96,0,5.356053,36.179998
2021-03-04,03:40:03,5.706787,0,96,0,5.118169,37.084389
2021-03-04,03:50:03,6.018311,0,96,0,5.42822,35.909404
2021-03-04,04:00:03,5.921631,0,96.099998,0,5.347001,36.190263
2021-03-04,04:10:03,5.618164,0,96.099998,0,5.044932,37.343924
2021-03-04,04:20:03,5.784668,0,96.099998,0,5.210669,36.70713
2021-03-04,04:30:03,5.86792,0,96.199997,0,5.30852,36.31158
2021-03-04,04:40:03,5.792725,0,96.099998,0,5.218688,36.676552
2021-03-04,04:50:03,5.744385,0,96.099998,0,5.170571,36.860343
2021-03-04,05:00:04,5.733643,0,96.199997,0,5.174845,36.820515
2021-03-04,05:10:03,5.693359,0,96.099998,0,5.119781,37.055192
2021-03-04,05:20:03,5.508057,0,96.099998,0,4.935331,37.770121
2021-03-04,05:30:03,5.623535,0,96.099998,0,5.050278,37.323237
2021-03-04,05:40:04,5.542969,0,96.199997,0,4.985026,37.553568
2021-03-04,05:50:03,5.454346,0,96.199997,0,4.896801,37.898424
2021-03-04,06:00:04,5.556397,0,96.199997,0,4.998394,37.501546
2021-03-04,06:10:03,5.647705,0,96.099998,0,5.074337,37.230268
2021-03-04,06:20:04,5.430176,9.73913,96.199997,0,4.872739,37.992932
2021-03-04,06:30:04,5.35498,239.869565,96.099998,0,4.782959,38.369373
2021-03-04,06:40:03,5.282471,456.76087,96.099998,0,4.710783,38.655963
2021-03-04,06:50:03,5.42749,913.456522,96.300003,0,4.884983,37.922092
2021-03-04,07:00:03,5.545654,1070.804348,96.300003,0,5.002631,37.461927
2021-03-04,07:10:03,5.690674,1235.130435,96.400002,0,5.161952,36.822251
2021-03-04,07:20:03,6.184814,1780.434783,96.199997,0,5.623991,35.134416
2021-03-04,07:30:03,23.111816,1780.434783,96.199997,0,22.472349,21.091913
2021-03-04,07:40:03,49.865234,1780.434783,95.699997,0,48.987144,193.100907
2021-03-04,08:00:03,50.673584,1780.434783,95.099998,0,49.664739,200.363001
2021-03-04,08:10:03,54.65625,1780.434783,94.599998,0,53.511598,245.383247
2021-03-04,08:20:03,59.535888,1780.434783,93.599998,0,58.128188,305.216069
2021-03-04,08:30:03,67.52002,1780.434783,93.400002,0,65.989534,424.199088
2021-03-04,08:40:03,68.277344,1780.434783,91.699997,0,66.328244,426.935045
2021-03-04,08:50:03,75.4021,1780.434783,90.5,0,73.055386,542.009752
2021-03-04,09:00:03,69.824219,1780.434783,90.800003,0,67.63327,447.019481
2021-03-04,09:20:03,70.737305,1780.434783,90,0,68.333074,457.332659
2021-03-04,09:30:03,75.488037,1780.434783,88.699997,0,72.671682,530.75389
2021-03-04,09:40:03,73.938477,1780.434783,87.400002,0,70.809292,494.695532
2021-03-04,09:50:03,75.289307,1780.434783,85.199997,0,71.543176,502.759551
2021-03-04,10:00:03,77.400146,1780.434783,85,0,73.549454,537.908502
2021-03-04,10:10:03,71.435547,1780.434783,84.800003,0,67.672882,436.902351
2021-03-04,10:20:03,71.279785,1780.434783,86.800003,0,68.046825,446.631361
2021-03-04,10:30:03,69.773193,1780.434783,88.400002,0,66.980465,431.984517
2021-03-04,10:40:03,69.123291,1780.434783,88.800003,0,66.443063,423.935683
2021-03-04,10:50:03,70.130371,1780.434783,90.400002,0,67.83546,449.686328
2021-03-04,11:00:03,70.087402,1780.434783,89.300003,1,67.517096,442.391543
2021-03-04,11:10:03,76.094971,1780.434783,90.199997,0,73.660272,552.534133
2021-03-04,11:20:03,72.198242,1780.434783,89.300003,0,69.593318,477.506018
2021-03-04,11:30:03,65.06543,1780.434783,90.699997,0,62.916286,371.4675
2021-03-04,11:40:03,60.094483,1780.434783,91.599998,0,58.223038,304.578212
2021-03-04,11:50:03,65.701905,1780.434783,92.199997,1,63.904423,388.833114
2021-03-04,12:00:03,70.581543,1780.434783,91.800003,0,68.62831,465.763135
2021-03-04,12:10:03,71.787354,1780.434783,91.400002,1,69.719325,483.905362
2021-03-04,12:20:03,72.622559,1780.434783,91.199997,0,70.493278,497.134342
2021-03-04,12:30:04,329.919434,1780.434783,90.699997,0,322.533331,15484.45881
2021-03-04,12:40:03,329.919434,1780.434783,91,0,322.780086,15533.81935
2021-03-04,12:50:03,329.919434,1780.434783,90.199997,0,322.12074,15402.1253
2021-03-04,13:00:03,329.846924,1780.434783,91,0,322.709371,15526.61034
2021-03-04,13:10:03,283.636719,1780.434783,87,1,274.768175,10788.08626
2021-03-04,13:20:03,316.456787,1780.434783,90.800003,0,309.490071,14193.83816
2021-03-04,13:30:04,316.902588,1780.434783,90.5,0,309.688643,14190.70676
2021-03-04,13:40:03,297.126221,1780.434783,90.099998,0,290.115536,12324.72963
2021-03-04,13:50:03,74.279541,1780.434783,89.900002,0,71.795209,517.611598
2021-03-04,14:00:03,75.724365,1780.434783,88.099998,0,72.745689,530.704216
2021-03-04,14:10:03,74.131836,1780.434783,87.900002,0,71.130303,501.387459
2021-03-04,14:20:03,76.489746,1780.434783,87.199997,0,73.256711,537.87344
2021-03-04,14:30:04,77.491455,1780.434783,87.5,0,74.318995,558.14597
2021-03-04,14:40:03,76.43335,1780.434783,83.300003,0,72.136299,508.876622
2021-03-04,14:50:03,76.374268,1780.434783,79.699997,0,71.057505,482.57288
2021-03-04,15:00:03,65.575684,1780.434783,86.900002,0,62.483488,359.917265
2021-03-04,15:10:03,73.103271,1780.434783,89.5,1,70.534803,494.308893
2021-03-04,15:20:03,77.76001,1780.434783,89.599998,0,75.142055,579.000515
2021-03-04,15:30:03,73.385254,1780.434783,83.599998,0,69.251111,460.493288
2021-03-04,15:40:03,68.290771,1780.434783,85.900002,0,64.887684,394.732624
2021-03-04,15:50:03,78.173584,1780.434783,87.300003,0,74.933632,569.113566
2021-03-04,16:00:03,72.60376,1780.434783,84.099998,0,68.625098,451.133341
2021-03-04,16:10:04,61.630614,1780.434783,83.599998,0,57.795984,291.35569
2021-03-04,16:20:04,64.498779,1780.434783,88.599998,0,61.848061,352.756415
2021-03-04,16:30:03,69.585205,1780.434783,89.699997,0,67.123486,436.591613
2021-03-04,16:40:03,60.728271,1780.434783,90.400002,0,58.568579,308.148733
2021-03-04,16:50:04,42.471924,1780.434783,84.900002,0,39.38881,104.968994
2021-03-04,17:00:04,54.178223,1780.434783,90,0,52.020122,224.834051
2021-03-04,17:10:03,69.303223,1780.434783,90.199997,0,66.970646,434.943017
2021-03-04,17:20:04,61.101563,1780.434783,91.199997,0,59.12435,316.679538
2021-03-04,17:30:03,53.458497,1780.434783,91,0,51.534576,219.732201
2021-03-04,17:40:04,47.066895,1780.434783,91.5,0,45.331137,154.743513
2021-03-04,17:50:03,29.578613,1780.434783,92.099998,0,28.157447,39.770185
2021-03-04,18:10:04,8.967041,625.26087,91.800003,0,7.704187,29.378578
2021-03-04,18:20:04,8.588379,1224.173913,92.5,0,7.440584,29.988854
2021-03-04,18:30:04,8.470215,771.521739,92.900002,0,7.38669,30.058664
2021-03-04,18:40:04,8.456787,64.195652,93.199997,0,7.420611,29.887888
2021-03-04,18:50:03,8.301025,0,93.5,0,7.313172,30.138738
2021-03-04,19:00:07,8.416504,0,94,1,7.505923,29.436086
2021-03-04,19:10:03,7.887451,0,94.199997,3,7.011728,30.898118
2021-03-04,19:20:03,7.871338,0,94.599998,0,7.057621,30.652764
2021-03-04,19:30:03,7.780029,0,95,1,7.028523,30.639539
2021-03-04,19:40:03,7.519531,0,94.900002,0,6.754231,31.546356
2021-03-04,19:50:03,7.358398,0,95.199997,0,6.640032,31.843553
2021-03-04,20:00:03,7.404053,0,95.400002,0,6.716001,31.540704
2021-03-04,20:10:03,7.444336,0,95.599998,0,6.786591,31.255375
2021-03-04,20:20:03,7.412109,0,95.699997,0,6.769772,31.28287
2021-03-04,20:40:04,173.44873,0,95.800003,0,171.717833,4086.029709
2021-03-04,20:50:03,175.548828,0,96,0,173.88511,4205.169836
2021-03-04,21:00:03,174.678711,0,96.099998,0,173.063979,4163.711409
2021-03-04,21:10:03,174.864014,0,96,0,173.205723,4169.017588
2021-03-04,21:20:04,172.898193,0,96,0,171.255434,4066.109588
2021-03-04,21:30:04,170.693359,0,96,0,169.067933,3952.225275
2021-03-04,21:40:03,155.922852,0,95.800003,0,154.334257,3224.137939
2021-03-04,21:50:03,160.445312,0,95.900002,0,158.859929,3440.473106
2021-03-04,22:00:03,161.304688,0,96.099998,0,159.791492,3489.232554
2021-03-04,22:10:05,7.036133,0,96.099998,0,6.456354,32.217534
2021-03-04,22:20:03,7.135498,0,96.199997,0,6.570394,31.804545
2021-03-04,22:30:03,7.130127,0,96.099998,0,6.549913,31.901472
2021-03-04,22:40:05,7.033447,0,96.099998,0,6.453681,32.226608
2021-03-04,22:50:04,7.202637,0,96.099998,0,6.622087,31.659671
2021-03-04,23:20:04,20.299999,0,96.400002,0,19.707439,16.718607
2021-03-04,23:30:03,20.299999,0,96.400002,0,19.707439,16.718607
2021-03-04,23:40:04,20.299999,0,96.400002,0,19.707439,16.718607
2021-03-04,23:50:03,20.4,0,96.5,0,19.823723,16.795262
2021-03-05,00:00:03,20.4,0,96.400002,0,19.80699,16.82755
2021-03-05,00:10:04,20.5,0,96.5,0,19.923286,16.908118
2021-03-05,00:20:03,20.5,0,96.5,0,19.923286,16.908118
2021-03-05,00:30:03,20.5,0,96.5,0.243902,19.923286,16.908118
2021-03-05,00:40:03,20.4,0,96.5,0.243902,19.823723,16.795262
2021-03-05,00:50:03,20.4,0,96.5,0.731707,19.823723,16.795262
2021-03-05,01:10:03,20.299999,0,96.599998,0.487805,19.740864,16.652853
2021-03-05,01:20:03,20.299999,0,96.699997,0.243902,19.757553,16.619881
2021-03-05,01:30:04,20.200001,0,96.699997,0.243902,19.657966,16.512626
2021-03-05,01:40:03,20.200001,0,97,0,19.707908,16.41165
2021-03-05,01:50:04,20.1,0,97,0,19.608281,16.306087
2021-03-05,02:00:03,20,0,97,0,19.508653,16.203895
2021-03-05,02:10:03,20,0,97,0,19.508653,16.203895
2021-03-05,02:20:03,20,0,97.099998,0.243902,19.525245,16.168994
2021-03-05,02:30:03,20,0,97.099998,0,19.525245,16.168994
2021-03-05,02:40:03,19.9,0,97.099998,0,19.425605,16.069621
2021-03-05,02:50:03,19.9,0,97.199997,0,19.442169,16.0341
2021-03-05,03:00:03,19.9,0,97.199997,0,19.442169,16.0341
2021-03-05,03:10:03,19.799999,0,97.099998,0,19.325965,15.973621
2021-03-05,03:20:03,19.700001,0,97,0,19.209773,15.917543
2021-03-05,03:30:03,19.6,0,97,0,19.110145,15.828833
2021-03-05,03:40:03,19.6,0,97.099998,0,19.126686,15.791743
2021-03-05,03:50:03,19.4,0,97,0,18.910889,15.661525
2021-03-05,04:00:03,19.200001,0,97,0,18.711635,15.5077
2021-03-05,04:10:03,19.1,0,97,0,18.612006,15.435843
2021-03-05,04:30:03,18.700001,0,97,0,18.213493,15.182121
2021-03-05,04:40:03,18.5,0,97,0,18.014234,15.075482
2021-03-05,04:50:03,18.4,0,97.099998,0,17.930996,14.98385
2021-03-05,05:00:03,18.299999,0,97.099998,0,17.831353,14.938454
2021-03-05,05:10:03,18.299999,0,97.300003,0,17.864066,14.850445
2021-03-05,05:20:03,18.4,0,97.5,0,17.996411,14.809514
2021-03-05,05:30:03,18.4,0,97.400002,0,17.98008,14.853226
2021-03-05,05:40:03,18.1,0,97.300003,0,17.664734,14.767771
2021-03-05,05:50:03,18.299999,0,97.5,0,17.896719,14.762092
2021-03-05,06:00:03,18.299999,0,97.5,0,17.896719,14.762092
2021-03-05,06:20:03,18.5,0,97.699997,0,18.128747,14.773667
2021-03-05,06:30:03,18.5,88.043478,97.599998,0,18.112432,14.817037
2021-03-05,06:40:04,18.6,300.898551,97.699997,0,18.228464,14.828893
2021-03-05,06:50:03,18.700001,710.666667,97.800003,0,18.344506,14.845092
2021-03-05,07:00:03,18.700001,969.637681,97.699997,0,18.32818,14.88751
2021-03-05,07:10:03,18.799999,1406.231884,97.699997,0,18.427895,14.949519
2021-03-05,07:20:03,19,1780.434783,97.699997,0,18.627328,15.083712
2021-03-05,07:30:03,19,698.15942,97.400002,0,18.578153,15.205745
2021-03-05,07:40:03,19,1039.768116,97.300003,0,18.561731,15.246265
2021-03-05,07:50:03,19.200001,1780.434783,97.300003,0,18.761064,15.389774
2021-03-05,08:00:03,19.299999,1024.753623,96.800003,0,18.778209,15.660103
2021-03-05,08:10:03,19.299999,1780.434783,96.300003,0,18.695316,15.851731
2021-03-05,08:20:03,19.4,1780.434783,96.099998,0,18.761567,16.001705
2021-03-05,08:30:03,19.6,1780.434783,96.199997,0,18.977273,16.122982
2021-03-05,08:40:03,19.799999,1780.434783,96.099998,0,19.159622,16.330522
2021-03-05,08:50:03,20,1780.434783,96.199997,0,19.375377,16.480692
2021-03-05,09:00:04,20.200001,1780.434783,96,0,19.540907,16.745972
2021-03-05,09:10:03,20.700001,1780.434783,94.5,0,19.78406,17.744687
2021-03-05,09:20:03,20.9,1780.434783,94.300003,0,19.948441,18.028081
2021-03-05,09:30:03,20.9,1780.434783,92.300003,0,19.602578,18.581595
2021-03-05,09:40:04,21.1,1780.434783,94.199997,0,20.129836,18.292958
2021-03-05,09:50:03,21.4,1780.434783,93.099998,0,20.237322,18.948978
2021-03-05,10:00:03,21.4,1780.434783,93.5,0,20.306754,18.849182
2021-03-05,10:10:03,22.4,1780.434783,93.800003,0,21.350785,20.229699
2021-03-05,10:20:03,23.4,1780.434783,90.5,0,21.75501,22.440061
2021-03-05,10:30:03,23.299999,1780.434783,90,0,21.565603,22.331773
2021-03-05,10:40:03,24.6,1780.434783,85.699997,0,22.042701,25.000984
2021-03-05,10:50:10,25,1780.434783,79.099998,0,21.122348,25.886999
2021-03-05,11:00:03,25.6,1780.434783,76.099998,0,21.073607,26.850931
2021-03-05,11:10:04,25.200001,1780.434783,78.800003,0,21.254591,26.214935
2021-03-05,11:20:04,23.9,1780.434783,82.800003,0,20.795081,24.019872
2021-03-05,11:30:03,24.200001,1780.434783,84,0,21.322821,24.400412
2021-03-05,11:40:03,24.799999,1780.434783,80.5,0,21.213943,25.534817
2021-03-05,11:50:03,24.299999,1780.434783,81.699997,0,20.967907,24.696093
2021-03-05,12:00:04,24.5,1780.434783,81.400002,0,21.102987,25.022754
2021-03-05,12:10:03,25.299999,1780.434783,78.5,0,21.289403,26.380702
2021-03-05,12:20:03,25.799999,1780.434783,74.800003,0,20.986066,27.144898
2021-03-05,12:30:03,25.700001,1780.434783,73.199997,0,20.538263,26.949362
2021-03-05,12:40:03,27.700001,1780.434783,70.099998,0,21.751329,30.108676
2021-03-05,12:50:03,28.200001,1780.434783,66.800003,0,21.439382,30.613868
2021-03-05,13:00:03,27.299999,1780.434783,66.800003,0,20.583602,29.068028
2021-03-05,13:10:03,27.6,1780.434783,65.099998,0,20.450167,29.382953
2021-03-05,13:20:03,27.799999,1780.434783,65.5,0,20.739256,29.753717
2021-03-05,13:30:03,25,1780.434783,70.400002,1,19.236673,25.981116
2021-03-05,13:40:03,23.299999,1780.434783,79.699997,0,19.592705,23.50648
2021-03-05,13:50:03,21.9,1780.434783,89.800003,1,20.147725,20.319568
2021-03-05,14:00:04,22.799999,1780.434783,86.900002,0,20.502205,21.998904
2021-03-05,14:10:04,24.5,1780.434783,81.5,0,21.122997,25.018334
2021-03-05,14:20:03,25.5,1780.434783,77.699997,0,21.316155,26.708953
2021-03-05,14:30:03,26.799999,1780.434783,73.099998,0,21.573981,28.755364
2021-03-05,14:40:04,27.5,1780.434783,68.699997,0,21.230512,29.591677
2021-03-05,14:50:03,27.9,1780.434783,72.099998,0,22.40482,30.746099
2021-03-05,15:00:04,28.200001,1780.434783,69.699997,0,22.135561,31.015897
2021-03-05,15:10:03,27.9,1780.434783,68.199997,0,21.492729,30.248196
2021-03-05,15:20:09,27.799999,1780.434783,66.699997,0,21.034645,29.89134
2021-03-05,15:30:04,25,1780.434783,72.699997,0,19.754242,25.963993
2021-03-05,15:40:03,23,1780.434783,88.900002,1,21.068978,21.998607
2021-03-05,15:50:04,23,1780.434783,90.800003,0,21.41398,21.72165
2021-03-05,16:00:03,23.299999,1780.434783,87.900002,0,21.180041,22.596525
2021-03-05,16:10:03,23.799999,1780.434783,87.099998,0,21.522545,23.495043
2021-03-05,16:20:04,23.9,1780.434783,86.300003,0,21.469963,23.733742
2021-03-05,16:30:03,23.9,1780.434783,85.400002,0,21.298746,23.809968
2021-03-05,16:40:03,24,1780.434783,88.800003,0,22.036018,23.694575
2021-03-05,16:50:03,24,1780.434783,90.199997,0,22.293004,23.572685
2021-03-05,17:00:03,24.1,1780.434783,89.800003,0,22.318611,23.799163
2021-03-05,17:10:03,24,1780.434783,90.199997,0,22.293004,23.572685
2021-03-05,17:20:03,0,792.724638,0,0,0,0
2021-03-05,17:30:04,23.4,1780.434783,82.699997,0,20.287055,23.327671
2021-03-05,17:40:03,23.5,1780.434783,79.699997,0,19.787177,23.743068
2021-03-05,17:50:03,23.200001,1780.434783,82.699997,0,20.0917,23.068139
2021-03-05,18:00:04,22.6,1106.318841,86.300003,0,20.193461,21.826234
2021-03-05,18:10:03,22.299999,913.434783,87.800003,0,20.17744,21.199287
2021-03-05,18:20:03,22,760.362319,90.199997,0,20.318389,20.36418
2021-03-05,18:30:03,21.700001,581.594203,90.699997,0,20.111567,19.882331
2021-03-05,18:40:03,21.299999,195.072464,91.599998,0,19.875676,19.200362
2021-03-05,18:50:03,21,76.681159,92.300003,0,19.701598,18.688049
2021-03-05,19:00:05,20.700001,0,93,0,19.526149,18.179832
2021-03-05,19:10:03,20.4,0,93.699997,0,19.349345,17.675785
2021-03-05,19:20:05,20.299999,0,94,0,19.301519,17.487861
2021-03-05,19:30:03,20.200001,0,94.400002,0,19.270505,17.267442
2021-03-05,19:40:04,20.200001,0,94.199997,0,19.236422,17.331463
2021-03-05,19:50:12,20.200001,0,94.300003,0,19.253472,17.299483
2021-03-05,20:00:03,20,0,94.400002,0,19.071914,17.087812
2021-03-05,20:10:03,19.799999,0,94.699997,0,18.924171,16.818541
2021-03-05,20:20:03,19.700001,0,94.800003,0,18.841744,16.703768
2021-03-05,20:30:03,19.799999,0,95.199997,0,19.008609,16.645808
2021-03-05,20:40:03,19.700001,0,95.099998,0,18.892368,16.598565
2021-03-05,20:50:03,19.799999,0,95.199997,0,19.008609,16.645808
2021-03-05,21:00:03,19.799999,0,95.199997,0,19.008609,16.645808
2021-03-05,21:10:03,19.799999,0,95.400002,0,19.042276,16.576228
2021-03-05,21:20:04,19.9,0,95.300003,0,19.124863,16.697348
2021-03-05,21:30:03,19.700001,0,95.099998,0,18.892368,16.598565
2021-03-05,21:40:03,19.6,0,95.400002,0,18.843428,16.412543
2021-03-05,21:50:03,19.5,0,95.400002,0,18.744002,16.335683
2021-03-05,22:00:03,19.4,0,95.599998,0,18.678079,16.188104
2021-03-05,22:10:03,19.6,0,96,0,18.943904,16.195802
2021-03-05,22:30:03,19.4,0,95.599998,0,18.678079,16.188104
2021-03-05,22:40:03,19.4,0,95.800003,0,18.711521,16.113765
2021-03-05,22:50:04,19.4,0,95.900002,0,18.728218,16.076485
2021-03-05,23:00:03,19.5,0,95.900002,0,18.827707,16.152626
2021-03-05,23:10:03,19.4,0,95.900002,0,18.728218,16.076485
2021-03-05,23:20:03,19.299999,0,95.800003,0,18.612044,16.041481
2021-03-05,23:30:03,19.299999,0,96,0,18.645398,15.965807
2021-03-05,23:40:03,19.4,0,96,0,18.7449,16.039132
2021-03-05,23:50:03,19.299999,0,95.900002,0,18.628729,16.003682
2021-03-06,00:00:05,19.200001,0,95.900002,0,18.529241,15.934216
2021-03-06,00:10:04,19.200001,0,95.900002,0,18.529241,15.934216
2021-03-06,00:20:04,19.200001,0,95.900002,0,18.529241,15.934216
2021-03-06,00:30:03,19.200001,0,96.099998,0,18.562539,15.857356
2021-03-06,00:40:03,19.1,0,95.900002,0,18.429751,15.868087
2021-03-06,00:50:03,19.200001,0,95.900002,0,18.529241,15.934216
2021-03-06,01:00:03,19.1,0,95.800003,0,18.413092,15.906916
2021-03-06,01:10:03,19.1,0,95.900002,0,18.429751,15.868087
2021-03-06,01:20:03,19.200001,0,95.900002,0,18.529241,15.934216
2021-03-06,01:30:03,19.200001,0,95.800003,0,18.512569,15.972532
2021-03-06,01:50:03,19,0,95.599998,0,18.280275,15.923081
2021-03-06,02:00:03,19,0,95.800003,0,18.313615,15.844634
2021-03-06,02:07:18,19.1,0,95.900002,0,18.429751,15.868087
2021-03-06,02:20:03,19.200001,0,95.800003,0,18.512569,15.972532
2021-03-06,02:30:05,19.200001,0,95.599998,0,18.479178,16.048937
2021-03-06,02:50:04,19.1,0,95.599998,0,18.379726,15.984345
2021-03-06,03:00:04,19.1,0,95.599998,0,18.379726,15.984345
2021-03-06,03:10:03,19,0,95.699997,0,18.296952,15.883899
2021-03-06,03:20:03,19.1,0,95.800003,0,18.413092,15.906916
2021-03-06,03:30:03,19.200001,0,95.800003,0,18.512569,15.972532
2021-03-06,03:40:03,19.200001,0,95.800003,0,18.512569,15.972532
2021-03-06,03:50:03,19.1,0,95.800003,0,18.413092,15.906916
2021-03-06,04:00:03,19.1,0,95.900002,0,18.429751,15.868087
2021-03-06,04:10:03,19,0,95.900002,0,18.330261,15.805295
2021-03-06,04:20:03,18.9,0,95.699997,0,18.197487,15.825457
2021-03-06,04:30:03,18.9,0,95.599998,0,18.180822,15.865145
2021-03-06,04:40:03,18.9,0,95.800003,0,18.214137,15.785687
2021-03-06,04:50:03,18.9,0,95.900002,0,18.230771,15.745839
2021-03-06,05:00:04,18.799999,0,95.900002,0,18.131281,15.689721
2021-03-06,05:10:03,18.9,0,96.099998,0,18.263994,15.665905
2021-03-06,05:20:04,18.799999,0,95.900002,0,18.131281,15.689721
2021-03-06,05:30:03,18.700001,0,95.900002,0,18.031792,15.636941
2021-03-06,05:40:04,18.700001,0,96,0,18.048386,15.596005
2021-03-06,05:50:03,18.799999,0,96,0,18.147887,15.649288
2021-03-06,06:00:04,18.700001,0,95.800003,0,18.015184,15.677794
2021-03-06,06:10:03,18.700001,0,95.5,0,17.965265,15.799864
2021-03-06,06:20:03,18.6,0,95.800003,0,17.915706,15.628849
2021-03-06,06:30:03,18.700001,53.333333,95.699997,0,17.998559,15.718569
2021-03-06,06:40:04,18.700001,259.391304,95.699997,0,17.998559,15.718569
2021-03-06,06:50:03,18.799999,627.898551,95.699997,0,18.098022,15.770347
2021-03-06,07:00:03,18.9,842.014493,95.599998,0,18.180822,15.865145
2021-03-06,07:10:03,19,1035.463768,95.300003,0,18.230151,16.040157
2021-03-06,07:20:03,19,1504.637681,95.099998,0,18.196657,16.117817
2021-03-06,07:30:03,19.1,1682.652174,95,0,18.279263,16.214766
2021-03-06,07:40:03,19.200001,1780.434783,94.699997,0,18.328159,16.388976
2021-03-06,07:50:04,19.4,1780.434783,94.300003,0,18.459204,16.664084
2021-03-06,08:00:03,19.700001,1780.434783,94.199997,0,18.740071,16.912276
2021-03-06,08:10:03,19.9,1780.434783,93.5,0,18.819093,17.303002
2021-03-06,08:20:03,20.5,1780.434783,93,0,19.327923,17.982216
2021-03-06,08:30:03,20.799999,1780.434783,91.199997,0,19.310665,18.77886
2021-03-06,08:40:05,21,1780.434783,91.099998,0,19.490751,19.003052
2021-03-06,08:50:03,21.1,1780.434783,90.900002,0,19.554208,19.157138
2021-03-06,09:00:04,21.200001,1780.434783,91,0,19.670765,19.237882
2021-03-06,09:10:04,21.6,1780.434783,90,0,19.887596,19.918771
2021-03-06,09:20:03,22.299999,1780.434783,87.199997,0,20.066514,21.304246
2021-03-06,09:30:03,22.799999,1780.434783,85.599998,0,20.257903,22.186631
2021-03-06,09:40:03,22.9,1780.434783,84.5,0,20.146572,22.466284
2021-03-06,09:50:03,22.6,1780.434783,85.099998,0,19.96702,22.0094
2021-03-06,10:00:09,22.5,1780.434783,86.699997,0,20.170073,21.636475
2021-03-06,10:20:03,24.700001,1780.434783,77.400002,0,20.478084,25.468294
2021-03-06,10:30:04,27,1780.434783,68,0,20.587029,28.691855
2021-03-06,10:40:03,27.799999,1780.434783,65.699997,0,20.788815,29.776459
2021-03-06,10:50:04,28.9,1780.434783,60.200001,0,20.407522,30.895225
2021-03-06,11:00:03,29.9,1780.434783,54.200001,0,19.642768,31.58279
2021-03-06,11:10:03,29.1,1780.434783,56.400002,0,19.540905,30.656855
2021-03-06,11:20:04,28.200001,1780.434783,57.700001,0,19.06808,29.481681
2021-03-06,11:30:03,29.200001,1780.434783,55.400002,0,19.346002,30.665397
2021-03-06,11:40:03,30.5,1780.434783,53.900002,0,20.108678,32.534847
2021-03-06,11:50:03,28.700001,1780.434783,60.200001,0,20.219812,30.563855
2021-03-06,12:00:04,27.6,1780.434783,59.299999,0,18.945529,28.810558
2021-03-06,12:10:03,28.4,1780.434783,65.900002,0,21.407771,30.854229
2021-03-06,12:20:12,30.299999,1780.434783,54.799999,0,20.19132,32.362263
2021-03-06,12:30:03,31.299999,1780.434783,50.400002,0,19.761401,33.206412
2021-03-06,12:40:03,31.700001,1780.434783,50.200001,0,20.064141,33.866353
2021-03-06,12:50:03,31.5,1780.434783,50.299999,0,19.912849,33.533629
2021-03-06,13:00:04,31.299999,1780.434783,50.400002,0,19.761401,33.206412
2021-03-06,13:10:03,32.599998,1780.434783,49.099998,0,20.529419,35.259381
2021-03-06,13:20:04,32.5,1780.434783,48.200001,0,20.138341,34.841801
2021-03-06,13:30:03,32.799999,1780.434783,48.099998,0,20.378353,35.375859
2021-03-06,13:40:05,32.5,1780.434783,47,0,19.731089,34.545808
2021-03-06,13:50:04,31.700001,1780.434783,51.299999,0,20.415091,34.120399
2021-03-06,14:00:04,32.400002,1780.434783,47.599998,0,19.844749,34.51189
2021-03-06,14:10:06,32.900002,1780.434783,47.700001,0,20.33418,35.458894
2021-03-06,14:30:04,32,1780.434783,48.299999,0,19.715566,33.964972
2021-03-06,14:40:03,29.9,1780.434783,54.5,0,19.731763,31.634196
2021-03-06,14:50:03,30.700001,1780.434783,51.700001,0,19.620499,32.44853
2021-03-06,15:00:05,29.6,1780.434783,53.099998,0,19.035511,30.931659
2021-03-06,15:10:04,30.1,1780.434783,53.200001,0,19.527787,31.734986
2021-03-06,15:20:04,30.5,1780.434783,51.700001,0,19.43635,32.117513
2021-03-07,14:30:03,32.099998,1780.434783,48.5,0,19.873535,34.188752
2021-03-07,14:40:03,32,1780.434783,48.400002,0,19.748925,33.987926
2021-03-07,14:50:03,29.6,1780.434783,52,0,18.700106,30.764321
2021-03-07,15:00:03,29.799999,1780.434783,51.799999,0,18.822694,31.032885
2021-03-07,15:10:03,32.200001,1780.434783,48.5,0,19.964848,34.3683
2021-03-07,15:20:03,33.400002,1780.434783,45.5,0,20.024163,35.806739
2021-03-07,15:30:03,32.799999,1780.434783,45.099998,0,19.338678,34.616381
2021-03-07,15:40:03,32.299999,1780.434783,44.200001,0,18.563611,33.562076
2021-03-07,15:50:04,30.799999,1780.434783,47,0,18.184513,31.746531
2021-03-07,16:00:05,30.200001,1780.434783,48.799999,0,18.236359,31.153883
2021-03-07,16:10:03,30,1780.434783,48.099998,0,17.823619,30.758145
2021-03-07,16:20:03,29.700001,1780.434783,50.400002,0,18.292765,30.672247
2021-03-07,16:30:03,29.700001,1780.434783,50,0,18.165714,30.613526
2021-03-07,16:40:03,29.4,1780.434783,49.299999,0,17.666502,30.100274
2021-03-07,16:50:03,29.299999,1780.434783,49.299999,0,17.574926,29.966461
2021-03-07,17:00:03,29.200001,1780.434783,48.599998,0,17.256828,29.747166
2021-03-07,17:10:04,29.200001,1780.434783,48.299999,0,17.158869,29.710286
2021-03-07,17:20:03,29.200001,1780.434783,49.299999,0,17.483349,29.834412
2021-03-07,17:30:03,29.1,1780.434783,50.299999,0,17.710293,29.828226
2021-03-07,17:40:03,28.9,1780.434783,50.5,0,17.589621,29.590023
2021-03-07,17:50:04,28.799999,1780.434783,50.400002,0,17.466338,29.449421
2021-03-07,18:00:03,28.799999,1780.434783,50.5,0,17.497762,29.461019
2021-03-07,18:10:04,28.4,635.594203,52.700001,0,17.806261,29.19579
2021-03-07,18:20:03,27,451.246377,59.299999,0,18.383237,28.031086
2021-03-07,18:30:03,25.799999,433.782609,64.5,0,18.595554,26.855292
2021-03-07,18:40:04,25.299999,191.434783,67.900002,0,18.942953,26.335069
2021-03-07,18:50:04,25,35.942029,70,0,19.14515,25.983524
2021-03-07,19:00:03,24.5,0,73.400002,0,19.427704,25.324521
2021-03-07,19:10:03,23.9,0,77.099998,0,19.640463,24.426473
2021-03-07,19:20:03,23.5,0,75.699997,0,18.958962,24.080133
2021-03-07,19:30:03,23.299999,0,78.699997,0,19.389432,23.60396
2021-03-07,19:40:03,23.299999,0,80.199997,0,19.693504,23.45664
2021-03-07,19:50:03,23.200001,0,81.099998,0,19.776118,23.244501
2021-03-07,20:00:03,23.200001,0,80.699997,0,19.696369,23.287374
2021-03-07,20:10:03,23.1,0,81.099998,0,19.678671,23.126789
2021-03-07,20:20:03,22.799999,0,80.800003,0,19.326727,22.828642
2021-03-07,20:30:04,22.6,0,82.900002,0,19.544505,22.331298
2021-03-07,20:40:03,22.6,0,85.099998,0,19.96702,22.0094
2021-03-07,20:50:03,22.299999,0,85.300003,0,19.710781,21.626978
2021-03-07,21:00:03,22.1,0,86.800003,0,19.795655,21.138723
2021-03-07,21:10:03,21.6,0,88.300003,0,19.580028,20.289757
2021-03-07,21:20:03,21.299999,0,90,0,19.591461,19.587586
2021-03-07,21:30:03,21,0,90.900002,0,19.455374,19.054776
2021-03-07,21:40:03,20.799999,0,91.099998,0,19.293029,18.805831
2021-03-07,21:50:04,20.700001,0,91.400002,0,19.246989,18.629391
2021-03-07,22:00:03,20.5,0,92,0,19.154209,18.275339
2021-03-07,22:10:03,20.299999,0,92.400002,0,19.025823,17.980382
2021-03-07,22:20:03,20.200001,0,92.400002,0,18.926789,17.896008
2021-03-07,22:30:04,20,0,92.599998,0,18.763328,17.673237
2021-03-07,22:40:06,19.9,0,92.900002,0,18.716021,17.499981
2021-03-07,22:50:05,19.9,0,93,0,18.73324,17.467322
2021-03-07,23:00:03,19.700001,0,93.199997,0,18.569348,17.254148
2021-03-07,23:10:04,19.6,0,93.5,0,18.521553,17.081881
2021-03-07,23:20:03,19.5,0,93.400002,0,18.405285,17.049709
2021-03-07,23:30:04,19.5,0,93.400002,0,18.405285,17.049709
2021-03-07,23:40:06,19.4,0,93.699997,0,18.357288,16.879554
2021-03-07,23:50:04,19.200001,0,93.699997,0,18.158874,16.759544
2021-03-08,00:00:03,19.200001,0,93.900002,0,18.192858,16.686039
2021-03-08,00:10:03,19.1,0,94.199997,0,18.144441,16.517656
2021-03-08,00:20:03,19.1,0,94.199997,0,18.144441,16.517656
2021-03-08,00:30:04,19,0,94.199997,0,18.045168,16.463384
2021-03-08,00:40:03,19,0,94.199997,0,18.045168,16.463384
2021-03-08,00:50:03,18.9,0,94.199997,0,17.945895,16.412396
2021-03-08,01:00:03,18.9,0,94.199997,0,17.945895,16.412396
2021-03-08,01:10:05,19,0,94.099998,0,18.028258,16.501386
2021-03-08,01:20:04,19.200001,0,93.699997,0,18.158874,16.759544
2021-03-08,01:30:03,19.299999,0,93.599998,0,18.241052,16.854059
2021-03-08,01:40:03,19.799999,0,92.800003,0,18.599697,17.459125
2021-03-08,01:50:03,20,0,92,0,18.659296,17.863556
2021-03-08,02:00:03,20.200001,0,91.5,0,18.769982,18.170427
2021-03-08,02:10:03,20.1,0,91.599998,0,18.688541,18.063044
2021-03-08,02:20:03,20.1,0,91.300003,0,18.636062,18.155024
2021-03-08,02:30:03,20.1,0,91.900002,0,18.74087,17.970468
2021-03-08,02:40:03,19.799999,0,92.099998,0,18.478681,17.688825
2021-03-08,02:50:03,19.6,0,92.599998,0,18.367077,17.389909
2021-03-08,03:00:03,19.700001,0,92,0,18.362345,17.655091
2021-03-08,03:10:03,19.799999,0,92.599998,0,18.565202,17.525101
2021-03-08,03:20:03,19.9,0,92,0,18.560312,17.79085
2021-03-08,03:30:03,20.1,0,91.5,0,18.671065,18.09377
2021-03-08,03:40:03,20.200001,0,90.800003,0,18.647083,18.380243
2021-03-08,03:50:03,20.299999,0,90.800003,0,18.745905,18.456652
2021-03-08,04:00:03,20.299999,0,90.900002,0,18.763526,18.427362
2021-03-08,04:10:03,20.299999,0,90.699997,0,18.728266,18.485881
2021-03-08,04:20:03,20.299999,0,91.699997,0,18.903886,18.190751
2021-03-08,04:30:03,20.200001,0,90.800003,0,18.647083,18.380243
2021-03-08,04:40:03,20,0,91.5,0,18.572147,18.020314
2021-03-08,04:50:04,19.799999,0,91.699997,0,18.409167,17.818558
2021-03-08,05:10:03,19.4,0,92.199997,0,18.099973,17.406569
2021-03-08,05:20:03,19.200001,0,92.800003,0,18.005158,17.086527
2021-03-08,05:30:04,19.1,0,92.800003,0,17.906066,17.035773
2021-03-08,05:40:03,19,0,93.099998,0,17.85828,16.877087
2021-03-08,05:50:03,18.700001,0,93.400002,0,17.611932,16.633623
2021-03-08,06:00:03,18.9,0,94,0,17.912084,16.489296
2021-03-08,06:10:03,18.700001,0,93.599998,0,17.645881,16.555781
2021-03-08,06:20:03,18.5,0.014493,93.800003,0,17.481322,16.402427
2021-03-08,06:30:03,18.5,94.42029,94.400002,0,17.582447,16.160223
2021-03-08,06:40:03,18.5,305.289855,94.099998,0,17.531955,16.281707
2021-03-08,06:50:03,18.5,307.927536,94,0,17.515093,16.322032
2021-03-08,07:00:04,18.5,410.362319,94.199997,0,17.548801,16.241298
2021-03-08,07:20:04,18.5,519.927536,94.199997,0,17.548801,16.241298
2021-03-08,07:30:03,18.700001,553.507246,94.400002,0,17.781047,16.241117
2021-03-08,07:40:03,19.200001,587.318841,94,0,18.209826,16.649174
2021-03-08,07:50:03,19.6,626.362319,93.199997,0,18.470206,17.185203
2021-03-08,08:00:03,20.1,662.217391,92.099998,0,18.775673,17.908424
2021-03-08,08:10:03,20.5,697.043478,91.199997,0,19.01404,18.505434
2021-03-08,08:20:04,20.700001,710.884058,91.5,0,19.264561,18.601735
2021-03-08,08:30:03,21.1,741.376812,91.099998,0,19.589612,19.106446
2021-03-08,08:40:03,21.5,776.73913,89.099998,0,19.626817,20.008007
2021-03-08,08:50:03,22.200001,812.115942,85.300003,0,19.612724,21.51557
2021-03-08,09:00:03,22.4,837.507246,84.5,0,19.65686,21.869001
2021-03-08,09:10:03,22.6,879.289855,84.199997,0,19.795344,22.143261
2021-03-08,09:20:04,23.200001,953.797101,84.800003,0,20.497873,22.824837
2021-03-08,09:30:03,23.299999,1780.434783,84.5,0,20.538328,22.997752
2021-03-08,09:40:03,25,1780.434783,76.199997,0,20.514932,25.927237
2021-03-08,09:50:03,24.700001,1780.434783,77.099998,0,20.415107,25.476685
2021-03-08,10:00:03,25.5,1780.434783,76.300003,0,21.019689,26.692811
2021-03-08,10:10:03,27.200001,1780.434783,70.800003,0,21.435276,29.272227
2021-03-09,18:30:03,26.1,618.463768,51.099998,0,15.200377,26.683419
2021-03-09,18:40:03,25.700001,113.623188,53.099998,1,15.429814,26.432684
2021-03-09,19:20:04,24,0,57.200001,0,15.008556,25.322722
2021-03-09,19:30:04,23.6,0,58.5,0,14.984019,25.083873
2021-03-09,19:40:03,23.4,0,59.900002,0,15.164498,24.938199
2021-03-09,19:50:03,23,0,59.700001,0,14.736898,24.771006
2021-03-09,20:00:03,22.6,0,60.599998,0,14.593112,24.578523
2021-03-09,20:10:04,22.200001,0,66,0,15.543205,24.037177
2021-03-09,20:20:03,21.4,0,69.900002,0,15.677293,23.346177
2021-03-09,20:30:04,20.799999,0,72.300003,0,15.629485,22.851335
2021-03-09,20:40:03,20.5,0,76.199997,0,16.163002,22.094905
2021-03-09,20:50:04,20.200001,0,76.699997,0,15.975237,21.932074
2021-03-09,21:00:03,20.1,0,77.800003,0,16.101595,21.681258
2021-03-09,21:10:04,19.700001,0,79.5,0,16.052138,21.228217
2021-03-09,21:20:03,19.5,0,80.599998,0,16.072975,20.929838
2021-03-09,21:30:03,19.299999,0,82.099998,0,16.167224,20.509591
2021-03-09,21:40:03,19,0,83.800003,0,16.195663,19.994251
2021-03-09,21:50:03,18.6,0,85.599998,0,16.137199,19.408641
2021-03-09,22:00:05,18.299999,0,87.699997,0,16.22279,18.682363
2021-03-09,22:10:04,18,0,87.900002,0,15.963226,18.617095
2021-03-09,22:20:03,17.9,0,89.199997,0,16.094854,18.130637
2021-03-09,22:30:04,17.799999,0,90.300003,0,16.188475,17.701832
2021-03-09,22:40:03,17.6,0,90.699997,0,16.060227,17.550964
2021-03-09,22:50:03,17.5,0,90.800003,0,15.978673,17.519096
2021-03-09,23:00:03,17.299999,0,91.199997,0,15.849796,17.376498
2021-03-09,23:10:03,17.1,0,91.599998,0,15.720447,17.238661
2021-03-09,23:20:03,17,0,91.599998,0,15.621504,17.260854
2021-03-09,23:30:03,16.9,0,91.800003,0,15.556625,17.196143
2021-03-09,23:40:04,16.700001,0,92.199997,0,15.426513,17.070368
2021-03-09,23:50:03,16.6,0,92.300003,0,15.344395,17.056225
2021-03-10,00:00:03,16.4,0,92.5,0,15.18003,17.034953
2021-03-10,00:10:03,16.200001,0,92.400002,0,14.965087,17.16914
2021-03-10,00:20:04,16.200001,0,93,0,15.065766,16.875963
2021-03-10,00:40:04,16,0,93,0,14.86751,16.970671
2021-03-10,00:50:03,15.8,0,93.199997,0,14.702584,16.976678
2021-03-10,01:00:03,15.7,0,93.300003,0,14.620059,16.983243
2021-03-10,01:10:03,15.6,0,93.099998,0,14.487644,17.147528
2021-03-10,01:20:03,15.5,0,93.400002,0,14.438311,17.05593
2021-03-10,01:30:04,15.3,0,93.300003,0,14.223388,17.246183
2021-03-10,01:40:03,15.3,0,93.599998,0,14.273027,17.086796
2021-03-10,01:50:03,15.2,0,93.800003,0,14.20681,17.051965
2021-03-10,02:00:03,15.1,0,93.900002,0,14.124036,17.072925
2021-03-10,02:10:03,15,0,93.900002,0,14.02479,17.151154
2021-03-10,02:20:03,14.9,0,94,0,13.941962,17.177446
2021-03-10,02:30:03,14.7,0,94,0,13.743444,17.349567
2021-03-10,02:40:03,14.9,0,94.800003,0,14.072757,16.731127
2021-03-10,02:50:03,15,0,94.699997,0,14.155807,16.708796
2021-03-10,03:00:03,15.3,0,94.699997,0,14.453847,16.492879
2021-03-10,03:10:03,15.3,0,94,0,14.338995,16.872551
2021-03-10,03:20:03,15.5,0,93.800003,0,14.504506,16.845643
2021-03-10,03:30:03,15.5,0,93.599998,0,14.471439,16.95103
2021-03-10,03:40:03,15.4,0,93.699997,0,14.38876,16.964276
2021-03-10,03:50:03,15.5,0,93.300003,0,14.421724,17.108198
2021-03-10,04:00:03,15.4,0,92.800003,0,14.239447,17.436929
2021-03-10,04:10:03,15.5,0,92.900002,0,14.355217,17.316069
2021-03-10,04:20:03,15.5,0,93.199997,0,14.40512,17.16035
2021-03-10,04:30:03,15.5,0,92.800003,0,14.338551,17.367733
2021-03-10,04:40:03,15.4,0,92.599998,0,14.206092,17.540623
2021-03-10,04:50:03,15.4,0,92.400002,0,14.172675,17.643826
2021-03-10,05:00:03,15.3,0,92.199997,0,14.040167,17.82112
2021-03-10,05:10:03,15.2,0,92.599998,0,14.007934,17.69017
2021-03-10,05:20:03,15.1,0,92.900002,0,13.958748,17.610865
2021-03-10,05:30:03,15.2,0,92.900002,0,14.057865,17.532298
2021-03-10,05:40:03,15.2,0,92.699997,0,14.024593,17.637672
2021-03-10,05:50:03,15.1,0,92.599998,0,13.908856,17.769796
2021-03-10,06:00:03,14.8,0,92.900002,0,13.661392,17.866034
2021-03-10,06:10:03,14.6,0,93.199997,0,13.512711,17.887095
2021-03-10,06:20:03,14.6,0,93.5,0,13.56213,17.720627
2021-03-10,06:30:03,14.7,26.927536,93.599998,0,13.67778,17.572493
2021-03-10,06:40:03,14.6,91.362319,93.199997,0,13.512711,17.887095
2021-03-10,06:50:03,14.7,254.231884,93.5,0,13.661326,17.627897
2021-03-10,07:00:03,14.9,566.086957,93.300003,0,13.826711,17.561241
2021-03-10,07:10:03,15.1,661.043478,92.900002,0,13.958748,17.610865
2021-03-10,07:20:03,15.1,914.434783,93.300003,0,14.025051,17.397197
2021-03-10,07:30:03,15.2,1146.637681,92.599998,0,14.007934,17.69017
2021-03-10,07:40:03,15.2,1405.246377,92.5,0,13.99126,17.742543
2021-03-10,07:50:03,15.3,1780.434783,92.5,0,14.090326,17.665798
2021-03-10,08:00:04,15.5,1780.434783,92.400002,0,14.271728,17.573187
2021-03-10,08:10:03,15.5,1780.434783,91.599998,0,14.137315,17.978295
2021-03-10,08:20:03,15.8,1780.434783,92,0,14.501651,17.579822
2021-03-10,08:30:03,16,1780.434783,91.599998,0,14.632054,17.659032
2021-03-10,08:40:03,16.299999,1780.434783,90.699997,0,14.775498,17.926728
2021-03-10,08:50:03,16.700001,1780.434783,90.099998,0,15.067485,18.020664
2021-03-10,09:00:04,17.299999,1780.434783,88.300003,0,15.344874,18.580555
2021-03-10,09:10:03,17.700001,1780.434783,87.199997,0,15.542947,18.9165
2021-03-10,09:20:03,17.9,1780.434783,84,0,15.15614,20.016684
2021-03-10,09:30:03,18.299999,1780.434783,83.199997,0,15.398387,20.202662
2021-03-10,09:40:03,18.6,1780.434783,82.400002,0,15.540771,20.415625
2021-03-10,09:50:03,18,1744.434783,83.699997,0,15.198304,20.094623
2021-03-10,10:00:03,18.6,1780.434783,82.800003,0,15.616427,20.294422
2021-03-10,10:10:03,21.1,1780.434783,73.900002,0,16.261156,22.672945
2021-03-10,10:20:03,24.4,1780.434783,64.099998,0,17.170952,25.462704
2021-03-10,10:30:03,25.200001,1780.434783,57.799999,0,16.292782,26.133647
2021-03-10,10:40:03,25.799999,1780.434783,54.599998,0,15.958067,26.558478
2021-03-10,10:50:03,26.5,1780.434783,53,0,16.140189,27.11488
2021-03-10,11:00:03,27.299999,1780.434783,53.299999,0,16.968909,27.943401
2021-03-10,11:10:03,27.9,1780.434783,48.700001,0,16.100345,28.227414
2021-03-10,11:20:10,28.6,1780.434783,47.599998,0,16.381007,28.902683
2021-03-10,11:30:03,28.299999,1780.434783,50.5,0,17.038427,28.843081
2021-03-10,11:40:03,28.799999,1780.434783,48.5,0,16.858618,29.23473
2021-03-10,11:50:03,28.9,1780.434783,49.5,0,17.272661,29.472043
2021-03-10,12:00:03,29.200001,1780.434783,48.700001,0,17.289364,29.759528
2021-03-10,12:10:03,28.200001,1780.434783,48.5,0,16.310107,28.536492
2021-03-10,12:20:03,29.200001,1780.434783,46.5,0,16.559635,29.495451
2021-03-10,12:30:03,29.700001,1780.434783,46.599998,0,17.048196,30.139743
2021-03-10,12:40:04,30.1,1780.434783,45.700001,0,17.103283,30.545911
2021-03-10,12:50:03,30.5,1780.434783,43.599998,0,16.722552,30.778658
2021-03-10,13:00:03,31,1780.434783,43.099998,0,16.991128,31.385089
2021-03-10,13:10:03,30.6,1780.434783,42.5,0,16.410327,30.751598
2021-03-10,13:20:03,30.799999,1780.434783,42.400002,0,16.553035,31.002633
2021-03-10,13:30:04,30.799999,1780.434783,43.900002,0,17.101436,31.233484
2021-03-10,13:40:03,31.200001,1780.434783,40.099998,0,16.035122,31.18961
2021-03-10,13:50:03,31.1,1780.434783,38.299999,0,15.228322,30.800241
2021-03-10,14:00:03,31.9,1780.434783,37.200001,0,15.482542,31.671805
2021-03-10,14:10:03,31,1780.434783,38.900002,0,15.381812,30.75744
2021-03-10,14:20:03,31.200001,1780.434783,37.599998,0,15.029803,30.828942
2021-03-10,14:30:03,31.1,1780.434783,38.200001,0,15.187595,30.786442
2021-03-10,14:40:03,30.1,1780.434783,38.700001,0,14.501411,29.655977
2021-03-10,14:50:04,29.5,1780.434783,40.900002,0,14.823813,29.22308
2021-03-10,15:00:03,30.799999,1780.434783,37.900002,0,14.79889,30.378153
2021-03-10,15:10:03,30.1,1780.434783,38.5,0,14.421161,29.633669
2021-03-10,15:20:04,30.6,1780.434783,37.700001,0,14.539542,30.115715
2021-03-10,15:30:03,29.1,1780.434783,40,0,14.121519,28.708255
2021-03-10,15:40:04,27.6,1780.434783,40.299999,0,12.895916,27.345059
2021-03-10,15:50:03,27,1299.478261,42.400002,0,13.135577,26.986045
2021-03-10,16:00:03,26.9,1390.42029,44.099998,0,13.649185,26.997227
2021-03-10,16:10:03,27,1327.231884,43.900002,0,13.669623,27.066064
2021-03-10,16:20:03,26.9,1209.014493,43.299999,0,13.367734,26.955635
2021-03-10,16:30:03,26.700001,1031.043478,43.799999,0,13.363462,26.828025
2021-03-10,16:40:03,26.799999,1024.26087,43.099998,0,13.206476,26.869123
2021-03-10,16:50:04,26.700001,1039.15942,43.799999,0,13.363462,26.828025
2021-03-10,17:00:13,26.5,933.492754,43.700001,0,13.147691,26.676254
2021-03-10,17:10:03,26.4,898.42029,43.099998,0,12.845724,26.57954
2021-03-10,17:20:03,26.200001,867.797101,42.900002,0,12.594312,26.436085
2021-03-10,17:30:03,26.299999,817.347826,43.5,0,12.896796,26.52731
2021-03-10,17:40:03,25.799999,768.463768,44.400002,0,12.757879,26.23375
2021-03-10,17:50:03,25.700001,715.42029,42.400002,0,11.965314,26.109396
2021-03-10,18:00:04,25.700001,648.536232,42.200001,0,11.893516,26.103034
2021-03-10,18:40:00,22.200001,110.333333,61.299999,0,14.394505,24.416063
2021-03-10,18:50:00,21.299999,6.855072,62.200001,0,13.770934,24.192497
2021-03-10,19:00:03,20.6,0,67.5,2,14.369602,23.54754
2021-03-10,19:10:03,19.9,0,70.099998,0,14.285502,23.167644
2021-03-10,20:07:04,17.799999,0,81.800003,0,14.645932,20.772243
2021-03-10,20:07:05,17.799999,0,81.800003,0,14.645932,20.772243
2021-03-10,20:07:05,17.799999,0,81.800003,0,14.645932,20.772243
2021-03-10,20:07:07,17.799999,0,81.800003,0,14.645932,20.772243
2021-03-10,20:10:01,17.700001,0,82.800003,0,14.736796,20.477961
2021-03-10,20:20:03,17.5,0,83.900002,0,14.746008,20.170682
2021-03-10,20:30:03,17.299999,0,85.599998,0,14.861489,19.626789
2021-03-10,20:40:04,17.200001,0,85.900002,0,14.81768,19.550986
2021-03-10,20:50:03,16.9,0,87.099998,0,14.738293,19.203905
2021-03-10,21:00:03,16.700001,0,87.599998,0,14.630346,19.090921
2021-03-10,21:10:03,16.5,0,89.900002,0,14.835466,18.194668
2021-03-10,21:20:03,16.4,0,89.5,0,14.667547,18.421535
2021-03-10,21:30:03,16.200001,0,90,0,14.556529,18.301443
2021-03-10,21:40:03,16,0,90.5,0,14.444823,18.184116
2021-03-10,21:50:03,15.8,0,90.900002,0,14.315426,18.117888
2021-03-10,22:00:04,15.6,0,91.099998,0,14.151665,18.155556
2021-03-10,22:10:03,15.5,0,91.199997,0,14.06972,18.17795
2021-03-10,22:20:04,15.4,0,91.5,0,14.021504,18.102204
2021-03-10,22:30:04,15.3,0,91.699997,0,13.956248,18.077523
2021-03-10,22:40:04,15,0,92,0,13.709641,18.169191
2021-03-10,22:50:03,14.9,0,92.199997,0,13.644054,18.151659
2021-03-10,23:00:03,14.8,0,92.400002,0,13.578353,18.135478
2021-03-10,23:10:03,14.7,0,92.599998,0,13.512534,18.12066
2021-03-10,23:20:03,14.6,0,92.300003,0,13.363613,18.379366
2021-03-10,23:30:03,14.5,0,92.599998,0,13.314372,18.315505
2021-03-10,23:40:03,14.3,0,92.900002,0,13.165793,18.356215
2021-03-10,23:50:03,14.2,0,92.900002,0,13.066672,18.463986
2021-03-11,00:00:03,14.2,0,92.800003,0,13.050172,18.52014
2021-03-11,00:10:03,14.1,0,92.800003,0,12.951064,18.631479
2021-03-11,00:50:03,13.8,0,93,0,12.686618,18.869948
2021-03-11,01:00:03,13.6,0,92.900002,0,12.47194,19.178756
2021-03-11,01:10:03,13.6,0,93.099998,0,12.504739,19.062224
2021-03-11,01:20:03,13.6,0,93.199997,0,12.521115,19.003741
2021-03-11,01:30:03,13.5,0,93.300003,0,12.438303,19.074362
2021-03-11,01:50:03,13.4,0,93.699997,0,12.404316,18.968425
2021-03-11,02:00:03,13.5,0,93.900002,0,12.536071,18.717673
2021-03-11,02:10:03,13.5,0,93.5,0,12.470953,18.95605
2021-03-11,02:20:03,13.3,0,93.300003,0,12.239954,19.342639
2021-03-11,02:30:03,13.1,0,93.5,0,12.074152,19.503198
2021-03-11,02:40:03,13,0,93.599998,0,11.99119,19.587247
2021-03-11,02:50:03,12.9,0,93.800003,0,11.924383,19.61231
2021-03-11,03:00:03,12.8,0,93.699997,0,11.80896,19.824701
2021-03-11,03:10:03,12.7,0,94,0,11.7582,19.792127
2021-03-11,03:20:03,12.8,0,94.199997,0,11.889725,19.514178
2021-03-11,03:40:03,12.8,0,94.300003,0,11.905834,19.451606
2021-03-11,03:50:03,12.8,0,94.199997,0,11.889725,19.514178
2021-03-11,04:00:03,12.7,0,94.199997,0,11.790435,19.666863
2021-03-11,04:10:03,12.5,0,93.900002,0,11.543554,20.171495
2021-03-11,04:20:03,12.5,0,94.400002,0,11.62398,19.85502
2021-03-11,04:30:03,12.3,0,94.199997,0,11.393272,20.310453
2021-03-11,04:40:03,12.3,0,94.5,0,11.441363,20.117883
2021-03-11,04:50:03,12.2,0,94.099998,0,11.277933,20.543711
2021-03-11,05:00:04,12.1,0,94.300003,0,11.21071,20.587363
2021-03-11,05:10:03,12.1,0,94.300003,0,11.21071,20.587363
2021-03-11,05:20:03,12,0,94.400002,0,11.127398,20.697736
2021-03-11,05:30:03,12,0,94.199997,0,11.095397,20.827638
2021-03-11,05:40:03,11.9,0,94.099998,0,10.980095,21.071578
2021-03-11,05:50:03,11.8,0,94.099998,0,10.880815,21.254096
2021-03-11,06:00:03,11.6,0,93.900002,0,10.650265,21.760016
2021-03-11,06:10:03,11.5,0,94,0,10.566999,21.887208
2021-03-11,06:20:03,11.5,0,94.300003,0,10.614879,21.689106
2021-03-11,06:30:03,11.5,78.15942,94.300003,0,10.614879,21.689106
2021-03-11,06:40:03,11.5,218.26087,94.300003,0,10.614879,21.689106
2021-03-11,06:50:03,11.6,420.057971,94.300003,0,10.714185,21.497261
2021-03-11,07:00:03,11.8,506.15942,94.099998,0,10.880815,21.254096
2021-03-11,07:10:03,12,677.449275,94.099998,0,11.079375,20.89234
2021-03-11,07:20:03,12.2,968.869565,94,0,11.261871,20.607697
2021-03-11,07:30:03,12.5,1067.971014,93.400002,0,11.46275,20.484013
2021-03-11,07:40:03,12.9,1414.565217,93.099998,0,11.81069,20.039601
2021-03-11,07:50:03,13.4,984.855072,92.300003,0,12.175072,19.792715
2021-03-11,08:00:03,13.6,880.710145,92.300003,0,12.373166,19.524892
2021-03-11,08:10:03,13.7,836.231884,92.400002,0,12.488726,19.338796
2021-03-11,08:20:04,13.8,832.521739,92.800003,0,12.653736,18.98495
2021-03-11,08:30:03,14,864.811594,93.199997,0,12.917757,18.518032
2021-03-11,08:40:03,14.3,891.927536,93.300003,0,13.231687,18.131545
2021-03-11,08:50:03,14.8,942.376812,92,0,13.511635,18.348703
2021-03-11,09:00:03,15.2,970.333333,92.199997,0,13.941139,17.89892
2021-03-11,09:10:03,15.3,996.507246,92.5,0,14.090326,17.665798
2021-03-11,09:20:03,15.7,1065.753623,91.800003,0,14.368964,17.74184
2021-03-11,09:30:03,16.4,1780.434783,91,0,14.925646,17.740598
2021-03-11,09:40:03,17.700001,1216.26087,87.599998,0,15.614448,18.765512
2021-03-11,09:50:03,17.799999,1250.666667,85.099998,0,15.26083,19.659938
2021-03-11,10:00:03,18.299999,1346.043478,84.699997,0,15.677453,19.715464
2021-03-11,10:10:03,21.200001,1780.434783,73.5,0,16.272251,22.769612
2021-03-11,10:20:03,23.700001,1780.434783,67.5,0,17.324037,24.785443
2021-03-11,10:30:03,25,1780.434783,61,0,16.953876,25.993128
2021-03-11,10:40:03,25.9,1780.434783,57.700001,0,16.919684,26.747434
2021-03-11,10:50:03,27.6,1780.434783,54.900002,0,17.715314,28.415339
2021-03-11,11:00:03,28.700001,1780.434783,53.5,0,18.323475,29.685193
2021-03-11,11:10:03,28.200001,1780.434783,51.5,0,17.256512,28.822672
2021-03-11,11:20:03,29.1,1780.434783,49.599998,0,17.487916,29.741005
2021-03-11,11:30:03,29.9,1780.434783,49.099998,0,18.05959,30.765723
2021-03-11,11:40:03,30,1780.434783,51,0,18.757511,31.20834
2021-03-11,11:50:03,30.5,1780.434783,46.400002,0,17.707295,31.206308
2021-03-11,12:00:04,31.1,1780.434783,45.299999,0,17.870386,31.898991
2021-03-11,12:10:03,31.4,1780.434783,40,0,16.174419,31.441809
2021-03-11,12:20:03,31.6,1780.434783,40.799999,0,16.664445,31.847523
2021-03-11,12:30:03,32.200001,1780.434783,40.400002,0,17.045152,32.641597
2021-03-11,12:40:03,32,1780.434783,39.900002,0,16.670203,32.259751
2021-03-11,12:50:03,32.599998,1780.434783,39.5,0,17.045835,33.065084
2021-03-11,13:00:03,32.5,1780.434783,35.299999,0,15.193779,32.16838
2021-03-11,13:10:03,32.700001,1780.434783,38.5,0,16.730058,33.019871
2021-03-11,13:20:03,32.799999,1780.434783,36.400002,0,15.93711,32.77185
2021-03-11,13:30:03,32.200001,1780.434783,37.400002,0,15.831684,32.109338
2021-03-11,13:40:03,32.5,1780.434783,37.400002,0,16.097055,32.527176
2021-03-11,13:50:07,32.599998,1780.434783,37.400002,0,16.185503,32.66907
2021-03-11,14:00:03,32.599998,1780.434783,36.799999,0,15.931897,32.561461
2021-03-11,14:10:03,32.799999,1780.434783,37.400002,0,16.362392,32.956787
2021-03-11,14:20:03,33,1780.434783,36.099998,0,15.983639,33.001481
2021-03-11,14:30:03,33,1780.434783,37.799999,0,16.706812,33.32858
2021-03-11,14:40:03,33.200001,1780.434783,35.299999,0,15.808535,33.137926
2021-03-11,14:50:03,32.799999,1780.434783,36.400002,0,15.93711,32.77185
2021-03-11,15:00:03,32.799999,1780.434783,35.900002,0,15.720604,32.682019
2021-03-11,15:10:03,32.700001,1780.434783,37.5,0,16.315899,32.830803
2021-03-11,15:20:03,31.700001,1780.434783,37.200001,0,15.305701,31.408901
2021-03-11,15:30:03,31.700001,1780.434783,37.5,0,15.430982,31.454285
2021-03-11,15:40:03,30.299999,1780.434783,40.200001,0,15.270546,30.066228
2021-03-11,15:50:03,29.299999,1336.869565,40.400002,0,14.454119,28.955288
2021-03-11,16:00:03,28.700001,1281.507246,40.5,0,13.955803,28.350497
2021-03-11,16:10:04,28.6,1230.362319,40.099998,0,13.713425,28.220641
2021-03-11,16:20:03,28.6,1177.869565,40.799999,0,13.980183,28.277666
2021-03-11,16:30:03,28.6,1137.478261,39.799999,0,13.597844,28.19662
2021-03-11,16:40:03,28.299999,1112.565217,40.599998,0,13.635936,27.976826
2021-03-11,16:50:03,28.4,1081.507246,41.299999,0,13.988943,28.125027
2021-03-11,17:00:03,28.4,1031.623188,40.599998,0,13.725421,28.070197
2021-03-11,17:10:03,28.200001,988.782609,41.700001,0,13.958221,27.966758
2021-03-11,17:20:03,28.1,957.695652,40.400002,0,13.38109,27.780221
2021-03-11,17:30:03,27.9,902.855072,40,0,13.049681,27.577858
2021-03-11,17:40:03,27.6,847.913043,39.5,0,12.589495,27.297123
2021-03-11,17:50:03,27.5,784.086957,39.900002,0,12.654055,27.240313
2021-03-11,18:00:03,27.200001,707.449275,40.200001,0,12.500258,27.022784
2021-03-11,18:10:03,26.6,609.434783,42.900002,0,12.954891,26.712106
2021-03-11,18:20:03,26.1,480.231884,43.400002,0,12.681036,26.389668
2021-03-11,18:30:03,25.200001,260.333333,44.599998,0,12.283026,25.893873
2021-03-11,18:40:03,24.4,111.101449,47.900002,0,12.643493,25.556641
2021-03-11,18:50:03,23.200001,0.086957,52.700001,0,13.000526,25.078063
2021-03-11,19:00:03,22.299999,0,57.799999,0,13.58115,24.658182
2021-03-11,19:10:04,21.5,0,59.299999,0,13.225188,24.450668
2021-03-11,19:20:03,20.9,0,62.599998,0,13.491872,24.139331
2021-03-11,19:30:03,20.5,0,66.199997,0,13.973856,23.723327
2021-03-11,19:40:03,20,0,68.099998,0,13.934018,23.483943
2021-03-11,19:50:04,19.5,0,70.800003,0,14.055704,23.09428
2021-03-11,20:00:04,19.200001,0,73,0,14.240272,22.715988
2021-03-11,20:10:03,18.9,0,74.800003,0,14.32783,22.384409
2021-03-11,20:20:03,18.5,0,77.199997,0,14.429754,21.895722
2021-03-11,20:30:03,18.1,0,79.699997,0,14.535044,21.320496
2021-03-11,20:40:03,17.9,0,80.5,0,14.495102,21.146471
2021-03-11,20:50:03,17.5,0,81.800003,0,14.353138,20.886469
2021-03-11,21:00:03,17.299999,0,83.199997,0,14.420421,20.496228
2021-03-11,21:10:03,17,0,85.099998,0,14.476302,19.940223
2021-03-11,21:20:03,16.9,0,85.5,0,14.450836,19.835106
2021-03-11,21:30:03,16.700001,0,86.400002,0,14.41661,19.581073
2021-03-11,21:40:03,16.5,0,87.699997,0,14.451186,19.150744
2021-03-11,21:50:03,16.299999,0,88.5,0,14.394823,18.917479
2021-03-11,22:00:03,16,0,89.5,0,14.272866,18.649424
2021-03-11,22:10:04,15.8,0,90.199997,0,14.195883,18.452917
2021-03-11,22:20:03,15.7,0,90.300003,0,14.114233,18.473806
2021-03-11,22:30:03,15.5,0,90.699997,0,13.98486,18.424799
2021-03-11,22:40:03,15.4,0,90.900002,0,13.919996,18.402296
2021-03-11,22:50:03,15.3,0,90.900002,0,13.821138,18.481354
2021-03-11,23:00:03,15.1,0,91.099998,0,13.657242,18.54747
2021-03-11,23:10:03,15,0,90.699997,0,13.490695,18.839332
2021-03-11,23:20:03,14.8,0,91.300003,0,13.394264,18.716861
2021-03-11,23:30:03,14.7,0,91.5,0,13.32894,18.708547
2021-03-11,23:40:03,14.6,0,91.599998,0,13.246758,18.75486
2021-03-11,23:50:03,14.6,0,91.800003,0,13.280226,18.648234
2021-03-12,00:00:03,14.4,0,91.599998,0,13.048851,18.962682
2021-03-12,00:10:03,14.2,0,92.400002,0,12.984016,18.743391
2021-03-12,00:20:03,14.1,0,92.800003,0,12.951064,18.631479
2021-03-12,00:30:03,14,0,92.800003,0,12.851955,18.746061
2021-03-12,00:40:03,13.9,0,92.699997,0,12.736367,18.920865
2021-03-12,00:50:03,13.8,0,92.599998,0,12.620791,19.099389
2021-03-12,01:00:03,13.6,0,92.800003,0,12.455517,19.236806
2021-03-12,01:10:03,13.6,0,92.900002,0,12.47194,19.178756
2021-03-12,01:20:03,13.5,0,92.900002,0,12.372816,19.309242
2021-03-12,01:30:03,13.4,0,93.099998,0,12.30644,19.325219
2021-03-12,01:40:03,13.3,0,93.199997,0,12.22363,19.402192
2021-03-12,01:50:03,13.3,0,93.400002,0,12.256261,19.282942
2021-03-12,02:00:03,13.2,0,93.099998,0,12.108141,19.601218
2021-03-12,02:10:03,13.2,0,93.400002,0,12.157073,19.421665
2021-03-12,02:20:04,13.2,0,93.300003,0,12.140778,19.481664
2021-03-12,02:30:03,13.2,0,93.400002,0,12.157073,19.421665
2021-03-12,02:40:03,13.2,0,93.199997,0,12.124467,19.541518
2021-03-12,02:50:03,13,0,93.199997,0,11.926141,19.829931
2021-03-12,03:00:04,13,0,93.400002,0,11.958697,19.708891
2021-03-12,03:20:03,12.9,0,93,0,11.794387,20.100028
2021-03-12,03:30:03,12.9,0,93.199997,0,11.826978,19.97902
2021-03-12,03:40:03,12.8,0,93.5,0,11.776548,19.947827
2021-03-12,03:50:03,12.7,0,93.699997,0,11.709733,19.978858
2021-03-12,10:00:03,20,1397.826087,88.099998,0,17.96819,19.041868
2021-03-12,10:10:03,22.4,1780.434783,79.300003,0,18.637039,22.636924
2021-03-12,10:20:03,24.9,1780.434783,68.300003,0,18.655589,25.881296
2021-03-12,10:30:03,26.6,1780.434783,63.799999,0,19.177833,27.816712
2021-03-12,10:40:03,28.299999,1780.434783,60.299999,0,19.871157,29.939381
2021-03-12,10:50:03,29.4,1780.434783,55.700001,0,19.618783,31.023559
2021-03-12,11:00:03,30,1780.434783,53.900002,0,19.645902,31.694113
2021-03-12,11:10:03,30.799999,1780.434783,54.299999,0,20.506211,33.146093
2021-03-12,11:20:03,30.700001,1780.434783,51.200001,0,19.463984,32.352747
2021-03-12,11:30:03,31.5,1780.434783,48.700001,0,19.391793,33.189783
2021-03-12,11:40:03,32,1780.434783,46.200001,0,19.000663,33.497363
2021-03-12,11:50:03,32.299999,1780.434783,44.799999,0,18.779327,33.692605
2021-03-12,12:00:03,33.400002,1780.434783,43.900002,0,19.446778,35.380866
2021-03-12,12:10:03,33.900002,1780.434783,37.299999,0,17.292612,34.609787
2021-03-12,12:20:03,33.200001,1780.434783,43.799999,0,19.229799,34.999359
2021-03-12,12:30:03,33.200001,1780.434783,43.400002,0,19.082478,34.899735
2021-03-12,12:40:03,33.400002,1780.434783,42.700001,0,19.001494,35.074261
2021-03-12,12:50:03,33.299999,1780.434783,42.799999,0,18.94913,34.925197
2021-03-12,13:00:03,33.299999,1780.434783,42.099998,0,18.685013,34.753868
2021-03-12,13:10:03,33.799999,1780.434783,41.400002,0,18.864577,35.44214
2021-03-12,13:20:03,34.200001,1780.434783,40.400002,0,18.83032,35.881634
2021-03-12,13:30:03,34.599998,1780.434783,40.400002,0,19.18718,36.597989
2021-03-12,13:40:03,34.200001,1780.434783,40.400002,0,18.83032,35.881634
